ID,INDEX
UDP0001,GAACTGAGCG-TCGTGGAGCG
UDP0002,AGGTCAGATA-CTACAAGATA
UDP0003,CGTCTCATAT-TATAGTAGCT
UDP0004,ATTCCATAAG-TGCCTGGTGG
UDP0005,GACGAGATTA-ACATTATCCT
UDP0006,AACATCGCGC-GTCCACTTGT
UDP0007,CTAGTGCTCT-TGGAACAGTA
UDP0008,GATCAAGGCA-CCTTGTTAAT
UDP0009,GACTGAGTAG-GTTGATAGTG
UDP0010,AGTCAGACGA-ACCAGCGACA
UDP0011,CCGTATGTTC-CATACACTGT
UDP0012,GAGTCATAGG-GTGTGGCGCT
UDP0013,CTTGCCATTA-ATCACGAAGG
UDP0014,GAAGCGGCAC-CGGCTCTACT
UDP0015,TCCATTGCCG-GAATGCACGA
UDP0016,CGGTTACGGC-AAGACTATAG
UDP0017,GAGAATGGTT-TCGGCAGCAA
UDP0018,AGAGGCAACC-CTAATGATGG
UDP0019,CCATCATTAG-GGTTGCCTCT
UDP0020,GATAGGCCGA-CGCACATGGC
UDP0021,ATGGTTGACT-GGCCTGTCCT
UDP0022,TATTGCGCTC-CTGTGTTAGG
UDP0023,ACGCCTTGTT-TAAGGAACGT
UDP0024,TTCTACATAC-CTAACTGTAA
UDP0025,AACCATAGAA-GGCGAGATGG
UDP0026,GGTTGCGAGG-AATAGAGCAA
UDP0027,TAAGCATCCA-TCAATCCATT
UDP0028,ACCACGACAT-TCGTATGCGG
UDP0029,GCCGCACTCT-TCCGACCTCG
UDP0030,CCACCAGGCA-CTTATGGAAT
UDP0031,GTGACACGCA-GCTTACGGAC
UDP0032,ACAGTGTATG-GAACATACGG
UDP0033,TGATTATACG-GTCGATTACA
UDP0034,CAGCCGCGTA-ACTAGCCGTG
UDP0035,GGTAACTCGC-AAGTTGGTGA
UDP0036,ACCGGCCGTA-TGGCAATATT
UDP0037,TGTAATCGAC-GATCACCGCG
UDP0038,GTGCAGACAG-TACCATCCGT
UDP0039,CAATCGGCTG-GCTGTAGGAA
UDP0040,TATGTAGTCA-CGCACTAATG
UDP0041,ACTCGGCAAT-GACAACTGAA
UDP0042,GTCTAATGGC-AGTGGTCAGG
UDP0043,CCATCTCGCC-TTCTATGGTT
UDP0044,CTGCGAGCCA-AATCCGGCCA
UDP0045,CGTTATTCTA-CCATAAGGTT
UDP0046,AGATCCATTA-ATCTCTACCA
UDP0047,GTCCTGGATA-CGGTGGCGAA
UDP0048,CAGTGGCACT-TAACAATAGG
UDP0049,AGTGTTGCAC-CTGGTACACG
UDP0050,GACACCATGT-TCAACGTGTA
UDP0051,CCTGTCTGTC-ACTGTTGTGA
UDP0052,TGATGTAAGA-GTGCGTCCTT
UDP0053,GGAATTGTAA-AGCACATCCT
UDP0054,GCATAAGCTT-TTCCGTCGCA
UDP0055,CTGAGGAATA-CTTAACCACT
UDP0056,AACGCACGAG-GCCTCGGATA
UDP0057,TCTATCCTAA-CGTCGACTGG
UDP0058,CTCGCTTCGG-TACTAGTCAA
UDP0059,CTGTTGGTCC-ATAGACCGTT
UDP0060,TTACCTGGAA-ACAGTTCCAG
UDP0061,TGGCTAATCA-AGGCATGTAG
UDP0062,AACACTGTTA-GCAAGTCTCA
UDP0063,ATTGCGCGGT-TTGGCTCCGC
UDP0064,TGGCGCGAAC-AACTGATACT
UDP0065,TAATGTGTCT-GTAAGGCATA
UDP0066,ATACCAACGC-AATTGCTGCG
UDP0067,AGGATGTGCT-TTACAATTCC
UDP0068,CACGGAACAA-AACCTAGCAC
UDP0069,TGGAGTACTT-TCTGTGTGGA
UDP0070,GTATTGACGT-GGAATTCCAA
UDP0071,CTTGTACACC-AAGCGCGCTT
UDP0072,ACACAGGTGG-TGAGCGTTGT
UDP0073,CCTGCGGAAC-ATCATAGGCT
UDP0074,TTCATAAGGT-TGTTAGAAGG
UDP0075,CTCTGCAGCG-GATGGATGTA
UDP0076,CTGACTCTAC-ACGGCCGTCA
UDP0077,TCTGGTATCC-CGTTGCTTAC
UDP0078,CATTAGTGCG-TGACTACATA
UDP0079,ACGGTCAGGA-CGGCCTCGTT
UDP0080,GGCAAGCCAG-CAAGCATCCG
UDP0081,TGTCGCTGGT-TCGTCTGACT
UDP0082,ACCGTTACAA-CTCATAGCGA
UDP0083,TATGCCTTAC-AGACACATTA
UDP0084,ACAAGTGGAC-GCGCGATGTT
UDP0085,TGGTACCTAA-CATGAGTACT
UDP0086,TTGGAATTCC-ACGTCAATAC
UDP0087,CCTCTACATG-GATACCTCCT
UDP0088,GGAGCGTGTA-ATCCGTAAGT
UDP0089,GTCCGTAAGC-CGTGTATCTT
UDP0090,ACTTCAAGCG-GAACCATGAA
UDP0091,TCAGAAGGCG-GGCCATCATA
UDP0092,GCGTTGGTAT-ACATACTTCC
UDP0093,ACATATCCAG-TATGTGCAAT
UDP0094,TCATAGATTG-GATTAAGGTG
UDP0095,GTATTCCACC-ATGTAGACAA
UDP0096,CCTCCGTCCA-CACATCGGTG
D701-D501,ATTACTCG-TATAGCCT
D702-D501,TCCGGAGA-TATAGCCT
D703-D501,CGCTCATT-TATAGCCT
D704-D501,GAGATTCC-TATAGCCT
D705-D501,ATTCAGAA-TATAGCCT
D706-D501,GAATTCGT-TATAGCCT
D707-D501,CTGAAGCT-TATAGCCT
D708-D501,TAATGCGC-TATAGCCT
D709-D501,CGGCTATG-TATAGCCT
D710-D501,TCCGCGAA-TATAGCCT
D711-D501,TCTCGCGC-TATAGCCT
D712-D501,AGCGATAG-TATAGCCT
D701-D502,ATTACTCG-ATAGAGGC
D702-D502,TCCGGAGA-ATAGAGGC
D703-D502,CGCTCATT-ATAGAGGC
D704-D502,GAGATTCC-ATAGAGGC
D705-D502,ATTCAGAA-ATAGAGGC
D706-D502,GAATTCGT-ATAGAGGC
D707-D502,CTGAAGCT-ATAGAGGC
D708-D502,TAATGCGC-ATAGAGGC
D709-D502,CGGCTATG-ATAGAGGC
D710-D502,TCCGCGAA-ATAGAGGC
D711-D502,TCTCGCGC-ATAGAGGC
D712-D502,AGCGATAG-ATAGAGGC
D701-D503,ATTACTCG-CCTATCCT
D702-D503,TCCGGAGA-CCTATCCT
D703-D503,CGCTCATT-CCTATCCT
D704-D503,GAGATTCC-CCTATCCT
D705-D503,ATTCAGAA-CCTATCCT
D706-D503,GAATTCGT-CCTATCCT
D707-D503,CTGAAGCT-CCTATCCT
D708-D503,TAATGCGC-CCTATCCT
D709-D503,CGGCTATG-CCTATCCT
D710-D503,TCCGCGAA-CCTATCCT
D711-D503,TCTCGCGC-CCTATCCT
D712-D503,AGCGATAG-CCTATCCT
D701-D504,ATTACTCG-GGCTCTGA
D702-D504,TCCGGAGA-GGCTCTGA
D703-D504,CGCTCATT-GGCTCTGA
D704-D504,GAGATTCC-GGCTCTGA
D705-D504,ATTCAGAA-GGCTCTGA
D706-D504,GAATTCGT-GGCTCTGA
D707-D504,CTGAAGCT-GGCTCTGA
D708-D504,TAATGCGC-GGCTCTGA
D709-D504,CGGCTATG-GGCTCTGA
D710-D504,TCCGCGAA-GGCTCTGA
D711-D504,TCTCGCGC-GGCTCTGA
D712-D504,AGCGATAG-GGCTCTGA
D701-D505,ATTACTCG-AGGCGAAG
D702-D505,TCCGGAGA-AGGCGAAG
D703-D505,CGCTCATT-AGGCGAAG
D704-D505,GAGATTCC-AGGCGAAG
D705-D505,ATTCAGAA-AGGCGAAG
D706-D505,GAATTCGT-AGGCGAAG
D707-D505,CTGAAGCT-AGGCGAAG
D708-D505,TAATGCGC-AGGCGAAG
D709-D505,CGGCTATG-AGGCGAAG
D710-D505,TCCGCGAA-AGGCGAAG
D711-D505,TCTCGCGC-AGGCGAAG
D712-D505,AGCGATAG-AGGCGAAG
D701-D506,ATTACTCG-TAATCTTA
D702-D506,TCCGGAGA-TAATCTTA
D703-D506,CGCTCATT-TAATCTTA
D704-D506,GAGATTCC-TAATCTTA
D705-D506,ATTCAGAA-TAATCTTA
D706-D506,GAATTCGT-TAATCTTA
D707-D506,CTGAAGCT-TAATCTTA
D708-D506,TAATGCGC-TAATCTTA
D709-D506,CGGCTATG-TAATCTTA
D710-D506,TCCGCGAA-TAATCTTA
D711-D506,TCTCGCGC-TAATCTTA
D712-D506,AGCGATAG-TAATCTTA
D701-D507,ATTACTCG-CAGGACGT
D702-D507,TCCGGAGA-CAGGACGT
D703-D507,CGCTCATT-CAGGACGT
D704-D507,GAGATTCC-CAGGACGT
D705-D507,ATTCAGAA-CAGGACGT
D706-D507,GAATTCGT-CAGGACGT
D707-D507,CTGAAGCT-CAGGACGT
D708-D507,TAATGCGC-CAGGACGT
D709-D507,CGGCTATG-CAGGACGT
D710-D507,TCCGCGAA-CAGGACGT
D711-D507,TCTCGCGC-CAGGACGT
D712-D507,AGCGATAG-CAGGACGT
D701-D508,ATTACTCG-GTACTGAC
D702-D508,TCCGGAGA-GTACTGAC
D703-D508,CGCTCATT-GTACTGAC
D704-D508,GAGATTCC-GTACTGAC
D705-D508,ATTCAGAA-GTACTGAC
D706-D508,GAATTCGT-GTACTGAC
D707-D508,CTGAAGCT-GTACTGAC
D708-D508,TAATGCGC-GTACTGAC
D709-D508,CGGCTATG-GTACTGAC
D710-D508,TCCGCGAA-GTACTGAC
D711-D508,TCTCGCGC-GTACTGAC
D712-D508,AGCGATAG-GTACTGAC
UDI0001,CCGCGGTT-AGCGCTAG
UDI0002,TTATAACC-GATATCGA
UDI0003,GGACTTGG-CGCAGACG
UDI0004,AAGTCCAA-TATGAGTA
UDI0005,ATCCACTG-AGGTGCGT
UDI0006,GCTTGTCA-GAACATAC
UDI0007,CAAGCTAG-ACATAGCG
UDI0008,TGGATCGA-GTGCGATA
UDI0009,AGTTCAGG-CCAACAGA
UDI0010,GACCTGAA-TTGGTGAG
UDI0011,TCTCTACT-CGCGGTTC
UDI0012,CTCTCGTC-TATAACCT
UDI0013,CCAAGTCT-AAGGATGA
UDI0014,TTGGACTC-GGAAGCAG
UDI0015V2,CAGTAGGC-TGACGAAT
UDI0015,GGCTTAAG-TCGTGACC
UDI0016V2,TGACGAAT-CAGTAGGC
UDI0016,AATCCGGA-CTACAGTT
UDI0017,TAATACAG-ATATTCAC
UDI0018,CGGCGTGA-GCGCCTGT
UDI0019,ATGTAAGT-ACTCTATG
UDI0020,GCACGGAC-GTCTCGCA
UDI0021,GGTACCTT-AAGACGTC
UDI0022,AACGTTCC-GGAGTACT
UDI0023,GCAGAATT-ACCGGCCA
UDI0024,ATGAGGCC-GTTAATTG
UDI0025,ACTAAGAT-AACCGCGG
UDI0026,GTCGGAGC-GGTTATAA
UDI0027,CTTGGTAT-CCAAGTCC
UDI0028,TCCAACGC-TTGGACTT
UDI0029,CCGTGAAG-CAGTGGAT
UDI0030,TTACAGGA-TGACAAGC
UDI0031,GGCATTCT-CTAGCTTG
UDI0032,AATGCCTC-TCGATCCA
UDI0033,TACCGAGG-CCTGAACT
UDI0034,CGTTAGAA-TTCAGGTC
UDI0035,AGCCTCAT-AGTAGAGA
UDI0036,GATTCTGC-GACGAGAG
UDI0037,TCGTAGTG-AGACTTGG
UDI0038,CTACGACA-GAGTCCAA
UDI0039,TAAGTGGT-CTTAAGCC
UDI0040,CGGACAAC-TCCGGATT
UDI0041,ATATGGAT-CTGTATTA
UDI0042,GCGCAAGC-TCACGCCG
UDI0043,AAGATACT-ACTTACAT
UDI0044,GGAGCGTC-GTCCGTGC
UDI0045,ATGGCATG-AAGGTACC
UDI0046,GCAATGCA-GGAACGTT
UDI0047,GTTCCAAT-AATTCTGC
UDI0048,ACCTTGGC-GGCCTCAT
UDI0049,ATATCTCG-ATCTTAGT
UDI0050,GCGCTCTA-GCTCCGAC
UDI0051,AACAGGTT-ATACCAAG
UDI0052,GGTGAACC-GCGTTGGA
UDI0053,CAACAATG-CTTCACGG
UDI0054,TGGTGGCA-TCCTGTAA
UDI0055V2,GTTCGCCG-GCTCATTG
UDI0055,AGGCAGAG-AGAATGCC
UDI0056V2,CACGAGCG-ATCTGCCA
UDI0056,GAATGAGA-GAGGCATT
UDI0057,TGCGGCGT-CCTCGGTA
UDI0058,CATAATAC-TTCTAACG
UDI0059,GATCTATC-ATGAGGCT
UDI0060,AGCTCGCT-GCAGAATC
UDI0061,CGGAACTG-CACTACGA
UDI0062,TAAGGTCA-TGTCGTAG
UDI0063,TTGCCTAG-ACCACTTA
UDI0064,CCATTCGA-GTTGTCCG
UDI0065,ACACTAAG-ATCCATAT
UDI0066,GTGTCGGA-GCTTGCGC
UDI0067,TTCCTGTT-AGTATCTT
UDI0068,CCTTCACC-GACGCTCC
UDI0069,GCCACAGG-CATGCCAT
UDI0070,ATTGTGAA-TGCATTGC
UDI0071,ACTCGTGT-ATTGGAAC
UDI0072,GTCTACAC-GCCAAGGT
UDI0073,CAATTAAC-CGAGATAT
UDI0074,TGGCCGGT-TAGAGCGC
UDI0075,AGTACTCC-AACCTGTT
UDI0076,GACGTCTT-GGTTCACC
UDI0077,TGCGAGAC-CATTGTTG
UDI0078,CATAGAGT-TGCCACCA
UDI0079,ACAGGCGC-CTCTGCCT
UDI0080,GTGAATAT-TCTCATTC
UDI0081,AACTGTAG-ACGCCGCA
UDI0082,GGTCACGA-GTATTATG
UDI0083,CTGCTTCC-GATAGATC
UDI0084,TCATCCTT-AGCGAGCT
UDI0085,AGGTTATA-CAGTTCCG
UDI0086,GAACCGCG-TGACCTTA
UDI0087,CTCACCAA-CTAGGCAA
UDI0088,TCTGTTGG-TCGAATGG
UDI0089,TATCGCAC-CTTAGTGT
UDI0090,CGCTATGT-TCCGACAC
UDI0091,GTATGTTC-AACAGGAA
UDI0092,ACGCACCT-GGTGAAGG
UDI0093,TACTCATA-CCTGTGGC
UDI0094,CGTCTGCG-TTCACAAT
UDI0095,TCGATATC-ACACGAGT
UDI0096,CTAGCGCT-GTGTAGAC
UDP0097,TGCCGGTCAG-CCTGATACAA
UDP0098,CACTCAATTC-TTAAGTTGTG
UDP0099,TCTCACACGC-CGGACAGTGA
UDP0100,TCAATGGAGA-GCACTACAAC
UDP0101,ATATGCATGT-TGGTGCCTGG
UDP0102V3,CTAGCTTCAA-TGTGTAAGCT
UDP0103,TCCGTTATGT-TTGTAGTGTA
UDP0104,GGTCTATTAA-CCACGACACG
UDP0105,CAGCAATCGT-TGTGATGTAT
UDP0106,TTCTGTAGAA-GAGCGCAATA
UDP0107,GAACGCAATA-ATCTTACTGT
UDP0108,AGTACTCATG-ATGTCGTGGT
UDP0109,GGTAGAATTA-GTAGCCATCA
UDP0110,TAATTAGCGT-TGGTTAAGAA
UDP0111,ATTAACAAGG-TGTTGTTCGT
UDP0112,TGATGGCTAC-CCAACAACAT
UDP0113,GAATTACAAG-ACCGGCTCAG
UDP0114,TAGAATTGGA-GTTAATCTGA
UDP0115,AGGCAGCTCT-CGGCTAACGT
UDP0116,ATCGGCGAAG-TCCAAGAATT
UDP0117,CCGTGACCGA-CCGAACGTTG
UDP0118,ATACTTGTTC-TAACCGCCGA
UDP0119,TCCGCCAATT-CTCCGTGCTG
UDP0120,AGGACAGGCC-CATTCCAGCT
UDP0121,AGAGAACCTA-GGTTATGCTA
UDP0122,GATATTGTGT-ACCACACGGT
UDP0123,CGTACAGGAA-TAGGTTCTCT
UDP0124,CTGCGTTACC-TATGGCTCGA
UDP0125,AGGCCGTGGA-CTCGTGCGTT
UDP0126,AGGAGGTATC-CCAGTTGGCA
UDP0127,GCTGACGTTG-TGTTCGCATT
UDP0128,CTAATAACCG-AACCGCATCG
UDP0129,TCTAGGCGCG-CGAAGGTTAA
UDP0130,ATAGCCAAGA-AGTGCCACTG
UDP0131,TTCGGTGTGA-GAACAAGTAT
UDP0132,ATGTAACGTT-ACGATTGCTG
UDP0133,AACGAGGCCG-ATACCTGGAT
UDP0134,TGGTGTTATG-TCCAATTCTA
UDP0135,TGGCCTCTGT-TGAGACAGCG
UDP0136,CCAGGCACCA-ACGCTAATTA
UDP0137,CCGGTTCCTA-TATATTCGAG
UDP0138,GGCCAATATT-CGGTCCGATA
UDP0139,GAATACCTAT-ACAATAGAGT
UDP0140,TACGTGAAGG-CGGTTATTAG
UDP0141,CTTATTGGCC-GATAACAAGT
UDP0142,ACAACTACTG-AGTTATCACA
UDP0143,GTTGGATGAA-TTCCAGGTAA
UDP0144,AATCCAATTG-CATGTAGAGG
UDP0145V3,GTGCTAGGTT-TGAATATTGC
UDP0146V3,ACAGCGACCA-CAGGAGCTCT
UDP0147V3,TCCACACAGA-TTGTCGGATG
UDP0148V3,AAGTGTTAGG-GCTAGTTCCG
UDP0149,GATTCTGAAT-AGCGGTGGAC
UDP0150,TAGAGAATAC-TATAGATTCG
UDP0151,TTGTATCAGG-ACAGAGGCCA
UDP0152,CACAGCGGTC-ATTCCTATTG
UDP0153,CCACGCTGAA-TATTCCTCAG
UDP0154,GTTCGGAGTT-CGCCTTCTGA
UDP0155V3,ATGTCGTATT-TTCTTGCTGG
UDP0156,GCAATATTCA-GGCGCCAATT
UDP0157,CTAGATTGCG-AGATATGGCG
UDP0158,CGATGCGGTT-CCTGCTTGGT
UDP0159,TCCGGACTAG-GACGAACAAT
UDP0160,GTGACGGAGC-TGGCGGTCCA
UDP0161,AATTCCATCT-CTTCAGTTAC
UDP0162,TTAACGGTGT-TCCTGACCGT
UDP0163,ACTTGTTATC-CGCGCCTAGA
UDP0164,CGTGTACCAG-AGGATAAGTT
UDP0165,TTAACCTTCG-AGGCCAGACA
UDP0166,CATATGCGAT-CCTTGAACGG
UDP0167,AGCCTATGAT-CACCACCTAC
UDP0168,TATGACAATC-TTGCTTGTAT
UDP0169,ATGTTGTTGG-CAATCTATGA
UDP0170,GCACCACCAA-TGGTACTGAT
UDP0171,AGGCGTTCGC-TTCATCCAAC
UDP0172,CCTCCGGTTG-CATAACACCA
UDP0173,GTCCACCGCT-TCCTATTAGC
UDP0174,ATTGTTCGTC-TCTCTAGATT
UDP0175,GGACCAGTGG-CGCGAGCCTA
UDP0176,CCTTCTAACA-GATAAGCTCT
UDP0177,CTCGAATATA-GAGATGTCGA
UDP0178,GATCGTCGCG-CTGGATATGT
UDP0179V3,CCGACCTGTC-TGCTCATAAC
UDP0180,CGCTGTCTCA-ATTACTCACC
UDP0181,AATGCGAACA-AATTGGCGGA
UDP0182,AATTCTTGGA-TTGTCAACTT
UDP0183,TTCCTACAGC-GGCGAATTCT
UDP0184,ATCCAGGTAT-CAACGTCAGC
UDP0185,ACGGTCCAAC-TCTTACATCA
UDP0186,GTAACTTGGT-CGCCATACCT
UDP0187,AGCGCCACAC-CTAATGTCTT
UDP0188,TGCTACTGCC-CAACCGGAGG
UDP0189,CAACACCGCA-GGCAGTAGCA
UDP0190,CACCTTAATC-TTAGGATAGA
UDP0191,TTGAATGTTG-CGCAATCTAG
UDP0192,CCGGTAACAC-GAGTTGTACT
UDP0193V3,ATCGTTACGG-GCTCCGGAAG
UDP0194V3,TCCTACGTCA-TACTTAAGTG
UDP0195V3,GTTATATCGC-AAGACAAGGA
UDP0196V3,GTTGGCCATC-TGACATTCGT
UDP0197,TCCTGGTTGT-CTGACCGGCA
UDP0198,TAATTCTGCT-TCTCATCAAT
UDP0199,CGCACGACTG-GGACCAACAG
UDP0200,GAGGTTAGAC-AATGTATTGC
UDP0201,AACCGAGTTC-GATCTCTGGA
UDP0202,TGTGATAACT-CAGGCGCCAT
UDP0203,AGTATGCTAC-TTAATAGACC
UDP0204,GTAACTGAAG-GGAGTCGCGA
UDP0205,TCCTCGGACT-AACGCCAGAG
UDP0206,CTGGAACTGT-CGTAATTAAC
UDP0207,GAATATGCGG-ACGAGACTGA
UDP0208,GATCGGATAA-GTATCGGCCG
UDP0209,GCTAGACTAT-AATACGACAT
UDP0210,AGCTACTATA-GTTATATGGC
UDP0211,CCACCGGAGT-GCCTGCCATG
UDP0212,CTTACCGCAC-TAAGACCTAT
UDP0213,TTAGGATATC-TATACCATGG
UDP0214,TTATACGCGA-GCCGTCTGTT
UDP0215,CGCTTAGAAT-CAGAGTGATA
UDP0216,CCGAAGCGCT-TGCTAACTAT
UDP0217,CACTATCAAC-TCAGTTAATG
UDP0218V3,CATCTACGTA-TGTAATTGAG
UDP0219,TTACAGTTAG-ACATGCATAT
UDP0220,CTAAGTACGC-AACATACCTA
UDP0221V3,CTAGAGCGCA-GCTTCTAGCA
UDP0222V3,TCGATCACGC-CATAGAGCCT
UDP0223V3,AACCTGGCTC-TGAGTATGTT
UDP0224V3,TTATGGAAGT-GACAATAACA
UDP0225,TAGTGGAAGC-AGTACCTATA
UDP0226,CGCCATATCT-GACCGGAGAT
UDP0227V3,GCAGCCTCAA-TAAGTGCTAG
UDP0228,ACTAGCGCTA-TTACTTCCTC
UDP0229,GCTCTTAACT-CACGTCCACC
UDP0230,GTGGTATCTG-GCTACTATCT
UDP0231,TGACGGCCGT-AGTCAACCAT
UDP0232,CAGTAATTAC-CGAGGCGGTA
UDP0233,TACAAGACTT-CAGGTGTTCA
UDP0234,CTGTGGTGAC-GACAGACAGG
UDP0235,CTCCACTAAT-TGTACTTGTT
UDP0236,ATAGTTAGCA-CTCTAAGTAG
UDP0237,ATAGGTCTTA-GTCACCACAG
UDP0238,TTCTTAACCA-TCTACATACC
UDP0239,AAGGAAGAGT-CACGTTAGGC
UDP0240,GGAAGGAGAC-TGGTGAGTCT
UDP0241,TGAACGCGGA-CTTCGAAGGA
UDP0242V3,AAGAGAGTCT-TACGAATCTT
UDP0243,TTCATGGTTC-GACATTGTCA
UDP0244V3,CTCTCGGCTA-TACCAGATCT
UDP0245,CACTAGACCA-ACTGCCTTAT
UDP0246,ATTATCCACT-TACGCACGTA
UDP0247,ATGGCGTGCC-CGCTTGAAGT
UDP0248,TCCAGAGATC-CTGCACTTCA
UDP0249,ATGTCCAGCA-CAGCGGACAA
UDP0250,CAACGTTCGG-GGATCCGCAT
UDP0251,GCGTATTAAT-TGCGGTGTTG
UDP0252V2,CCGAATCTGG-ATGAATCAAG
UDP0253,TCTCAATACC-GACGTTCGCG
UDP0254,AAGCATCTTG-CATTCAACAA
UDP0255,TCAGTCTCGT-CACGGATTAT
UDP0256V3,GTATAGAACA-TGTCACAGGA
UDP0257,GTAACAATCT-CTCTGTATAC
UDP0258V2,CCATGGTATA-TCTCGCGGAG
UDP0259,TCATACCGTT-GGTAACGCAG
UDP0260,GGCGCCATTG-ACCGCGCAAT
UDP0261,AGCGAATTAG-AGCCGGAACA
UDP0262,TTAGACCATG-TCCTAGGAAG
UDP0263,CACACAGTAT-TTGAGCCTAA
UDP0264,TCTTGTCGGC-CCACCTGTGT
UDP0265V3,CTAACCGAGA-TCGATGCGCG
UDP0266V3,AGTGTCTAGG-CCTAGAAGCA
UDP0267V3,GAGGAGCTTC-GACGTATACA
UDP0268V3,TCATCTACTA-TAGGCGACTT
UDP0269,GTAGGCGAGC-TAGGAGCGCA
UDP0270,AACTTATCCT-GTACTGGCGT
UDP0271,ATTATGTCTC-AGTTAAGAGC
UDP0272,TATAACAGCT-TCGCGTATAA
UDP0273,CCAATGATAC-GAGTGTGCCG
UDP0274,GAGGCCTATT-CTAGTCCGGA
UDP0275,AGCTAAGCGG-ATTAATACGC
UDP0276,CTTCCTAGGA-CCTAGAGTAT
UDP0277,CGATCTGTGA-TAGGAAGACT
UDP0278,GTGGACAAGT-CCGTGGCCTT
UDP0279,AACAAGTACA-GGATATATCC
UDP0280,AGATTAAGTG-CACCTCTTGG
UDP0281,TATCACTCTG-AACGTTACAT
UDP0282,AGAATTCGCC-CGGCAAGCTC
UDP0283,CCTGACCACT-TCTTGGCTAT
UDP0284,AGCTGGAATG-ACGGAATGCG
UDP0285V3,CCTTGGCATC-GACCGATTCG
UDP0286V3,TATAGGTACT-TAGGTGAGAT
UDP0287V3,CAAGTCTACA-CACGTACGTG
UDP0288V3,GAGAAGAGGA-TTGACCTAAC
UDP0102 ,ATGGCGCCTG-TCCACGGCCT
UDP0145,TATGATGGCC-GATTGTCATA
UDP0146,CGCAGCAATT-ATTCCGCTAT
UDP0147,ACGTTCCTTA-GACCGCTGTG
UDP0148,CCGCGTATAG-TAGGAACCGG
UDP0155,ATAGCGGAAT-GCGCAGAGTA
UDP0227,GCTTCATATT-CGTTCAGCCT
UDP0252,GTTGTGACTA-ACATAACGGA
UDP0242,CCTGCAACCT-GTAGAGTCAG
UDP0244,ATCCTCTCAA-TCCGCAAGGC
UDP0256,TGCAAGATAA-TTGAGGACGG
UDP0218,TTGCTCTATT-GTGACCTTGA
UDP0221,TAGTTCGGTA-CCATGTGTAG
UDP0222,CTATTACTAC-GAGTCTCTCC
UDP0223,TAGCATAACC-GCTATGCGCA
UDP0224,ACTCTATTGT-ATCGCATATG
UDP0179,TATCCGAGGC-GGCCAATAAG
UDP0193,TCTCATGATA-AACACGTGGA
UDP0194,CGAGGCCAAG-GTGTTACCGG
UDP0195,TTCACGAGAC-AGATTGTTAC
UDP0196,GCGTGGATGG-TTGACCAATG
